{"M_G1_M M_G1H1_M": [[-0.2364747561577074, 0.22479623605029342, 0.019947440335146914]], "M_G1_M M_G1H2_M": [[0.0005498457681205287, 0.255133001145221, 0.022639392933308064]], "M_G1C3_M M_G1C3H1_M": [[-0.25278264843248166, 0.12131151318949325, 0.010764656089581558]], "M_G1C3_M M_G1C3H2_M": [[-0.28134153389286654, 0.09622701837638796, 0.008538767113799186]], "M_G1C4_M M_G1C4H1_M": [[-0.2177093951767184, 0.09648057584413618, 0.008561266700750931]], "M_G1C4_M M_G1C4H2_M": [[-0.23954628091340202, 0.07670747350022984, 0.0068066875931293005]], "M_G1C5_M M_G1C5H1_M": [[-0.24985807476490907, 0.06391129154173036, 0.005671210057474545]], "M_G1C5_M M_G1C5H2_M": [[-0.25396401534222146, 0.05479869043341715, 0.004862597466357124]], "M_G1C6_M M_G1C6H1_M": [[-0.23911619854617638, 0.05485513482998693, 0.004867606096628749]], "M_G1C6_M M_G1C6H2_M": [[-0.24067222244202008, 0.04876195583263664, 0.0043269238919951165]], "M_G1C7_M M_G1C7H1_M": [[-0.2369375171859127, 0.049006707108551095, 0.0043486420557821755]], "M_G1C7_M M_G1C7H2_M": [[-0.23653619061147635, 0.048677569628472264, 0.004319435827238098]], "M_G1C8_M M_G1C8H1_M": [[-0.22711589894750692, 0.043428060974199344, 0.0038536172596775687]], "M_G1C8_M M_G1C8H2_M": [[-0.22798203605408807, 0.04326075179229936, 0.003838770970513165]], "M_G1C9_M M_G1C9H1_M": [[-0.22359568834646648, 0.040739405176271025, 0.0036150376372904615]], "M_G1C9_M M_G1C9H2_M": [[-0.22336369485871022, 0.041154649608894776, 0.0036518846223192103]], "M_G1C10_M M_G1C10H1_M": [[-0.20891332499307266, 0.041022801641991374, 0.003640185007150709]], "M_G1C10_M M_G1C10H2_M": [[-0.2091538558244896, 0.039765278909944704, 0.003528597908948674]], "M_G1C11_M M_G1C11H1_M": [[-0.1993573541357146, 0.04043751791705038, 0.0035882494748325387]], "M_G1C11_M M_G1C11H2_M": [[-0.1984503077560164, 0.039433802510555234, 0.003499184134877068]], "M_G1C12_M M_G1C12H1_M": [[-0.17931676268048144, 0.0389594680202936, 0.003457093755119644]], "M_G1C12_M M_G1C12H2_M": [[-0.17989770733950128, 0.03818756766046984, 0.0033885986742286187]], "M_G1C13_M M_G1C13H1_M": [[-0.16295114631723517, 0.03679574913043698, 0.003265094750973557]], "M_G1C13_M M_G1C13H2_M": [[-0.1647053283665785, 0.03720321787512485, 0.003301251755271796]], "M_G1C14_M M_G1C14H1_M": [[-0.14145168048463666, 0.03505175902248755, 0.0031103406535089324]], "M_G1C14_M M_G1C14H2_M": [[-0.14255583659055565, 0.0348278584192506, 0.0030904726877344826]], "M_G1C15_M M_G1C15H1_M": [[-0.12215665667923901, 0.030377681888337265, 0.0026955833764588056]], "M_G1C15_M M_G1C15H2_M": [[-0.12206530375045962, 0.03072502301837019, 0.002726404917731072]], "M_G1C16_M M_G1C16H1_M": [[-0.09542387546707301, 0.025248600136705088, 0.002240450968494984]], "M_G1C16_M M_G1C16H2_M": [[-0.09560993745276872, 0.024798425786407646, 0.0022005044544841238]], "M_G1C17_M M_G1C17H1_M": [[-0.03107618204334872, 0.011704549179893027, 0.0010386107904559114]], "M_G1C17_M M_G1C17H2_M": [[-0.03001953568781545, 0.01043921896040116, 0.0009263308897732086]], "M_G1C17_M M_G1C17H3_M": [[-0.03046383524235666, 0.010740327474672622, 0.0009530499497911483]], "M_G2_M M_G2H1_M": [[-0.2540587307248665, 0.19318203016367347, 0.01714213319679557]], "M_G2C3_M M_G2C3H1_M": [[-0.18441957402567416, 0.15892922718633265, 0.014102688428026469]], "M_G2C3_M M_G2C3H2_M": [[0.06667282369320622, 0.20715200316274437, 0.018381767844504862]], "M_G2C4_M M_G2C4H1_M": [[-0.1935934878873784, 0.13265203453458785, 0.011770964633155766]], "M_G2C4_M M_G2C4H2_M": [[-0.06811934526928923, 0.1886749618986271, 0.0167421955604584]], "M_G2C5_M M_G2C5H1_M": [[-0.19244641112858787, 0.10332822240388193, 0.009168897075648056]], "M_G2C5_M M_G2C5H2_M": [[-0.15860406928379703, 0.11253519391936666, 0.009985883686275468]], "M_G2C6_M M_G2C6H1_M": [[-0.19366455930888576, 0.09407478540950463, 0.008347787320504799]], "M_G2C6_M M_G2C6H2_M": [[-0.17925680674365363, 0.10310161723835153, 0.009148789118777983]], "M_G2C7_M M_G2C7H1_M": [[-0.1704307344411349, 0.07793170176498365, 0.006915320285103349]], "M_G2C7_M M_G2C7H2_M": [[-0.16870133180892105, 0.07651440115951195, 0.006789555193296879]], "M_G2C8_M M_G2C8H1_M": [[-0.17037089433511832, 0.07030416456675759, 0.0062384858067374045]], "M_G2C8_M M_G2C8H2_M": [[-0.17203758622951515, 0.0662875505241958, 0.0058820689450894675]], "M_G2C9_M M_G2C9H1_M": [[-0.12039934498445072, 0.055802545084149544, 0.004951675162240626]], "M_G2C9_M M_G2C9H2_M": [[-0.11515780511643296, 0.06354278538926209, 0.005638510424159284]], "M_G2C10_M M_G2C10H1_M": [[-0.10854331889662869, 0.06256780097732277, 0.005551994547707925]], "M_G2C11_M M_G2C11H1_M": [[-0.07474497934278049, 0.049474533507919784, 0.004390154935857826]], "M_G2C12_M M_G2C12H1_M": [[-0.08592956444837102, 0.04268260924799862, 0.0037874691155075995]], "M_G2C12_M M_G2C12H2_M": [[-0.08788709623402002, 0.042081189695522866, 0.003734101760029651]], "M_G2C13_M M_G2C13H1_M": [[-0.1310800741011025, 0.04112001162687861, 0.003648810998437702]], "M_G2C13_M M_G2C13H2_M": [[-0.1324160363673561, 0.03807636851715481, 0.0033787313458624106]], "M_G2C14_M M_G2C14H1_M": [[-0.13003949524620467, 0.04015194658590171, 0.003562909116872799]], "M_G2C14_M M_G2C14H2_M": [[-0.13159390122005726, 0.03955753133854857, 0.003510163292969299]], "M_G2C15_M M_G2C15H1_M": [[-0.14088502984317597, 0.041620397112178416, 0.0036932130301975145]], "M_G2C15_M M_G2C15H2_M": [[-0.14332063846292364, 0.040597997627050825, 0.003602489746362349]], "M_G2C16_M M_G2C16H1_M": [[-0.1235367515074708, 0.03819604552927508, 0.0033893509634356496]], "M_G2C16_M M_G2C16H2_M": [[-0.12444850952085248, 0.038401313788995015, 0.0034075655760795495]], "M_G2C17_M M_G2C17H1_M": [[-0.11452131991195248, 0.03447372497079771, 0.0030590484256658177]], "M_G2C17_M M_G2C17H2_M": [[-0.11449004603679919, 0.03236932433327211, 0.0028723130652530417]], "M_G2C18_M M_G2C18H1_M": [[-0.08868493766046806, 0.028365470565355187, 0.00251702849488191]], "M_G2C18_M M_G2C18H2_M": [[-0.08856261627153889, 0.026731927249851784, 0.0023720749654393973]], "M_G2C19_M M_G2C19H1_M": [[-0.03398430601622403, 0.011167478514707983, 0.0009909534753790722]], "M_G2C19_M M_G2C19H2_M": [[-0.0332941107473969, 0.010881721022470002, 0.0009655965982938926]], "M_G2C19_M M_G2C19H3_M": [[-0.03343621282767649, 0.010902381984960631, 0.0009674299622495789]], "M_G3_M M_G3H1_M": [[-0.07346695283152668, 0.24196212490370753, 0.021470666656545966]], "M_G3_M M_G3H2_M": [[-0.1578020515978582, 0.17833484816701098, 0.01582465883767315]], "M_G3C4_M M_G3C4H1_M": [[-0.07263181716242613, 0.31577230240628873, 0.02802026080335339]], "M_G3C4_M M_G3C4H2_M": [[0.12212502512771799, 0.27521393769003794, 0.02442128790912959]], "M_G3C5_M M_G3C5H1_M": [[-0.06326717017886836, 0.32503488638890476, 0.028842182222452165]], "M_G3C5_M M_G3C5H2_M": [[-0.20972935466420045, 0.17420251471025086, 0.015457973538479743]], "M_G3N6C1_M M_G3N6C1H1_M": [[0.020681797987382247, 0.04305519087542245, 0.003820530388745938]], "M_G3N6C1_M M_G3N6C1H2_M": [[0.021170804562772393, 0.04180493785165595, 0.0037095883728402996]], "M_G3N6C1_M M_G3N6C1H3_M": [[0.021879199441372503, 0.041910488695717535, 0.003718954495695541]], "M_G3N6C2_M M_G3N6C2H1_M": [[0.023110999697860013, 0.041164637047378994, 0.0036527708641743467]], "M_G3N6C2_M M_G3N6C2H2_M": [[0.02081321172252319, 0.041509702638936136, 0.003683390484058722]], "M_G3N6C2_M M_G3N6C2H3_M": [[0.02135558958456875, 0.04290011504387047, 0.0038067696338878617]], "M_G3N6C3_M M_G3N6C3H1_M": [[0.01844531427871545, 0.04160333725875847, 0.003691699212999327]], "M_G3N6C3_M M_G3N6C3H2_M": [[0.019692525381552757, 0.04422610904504677, 0.003924432574726912]], "M_G3N6C3_M M_G3N6C3H3_M": [[0.02057913318778765, 0.04327748849978008, 0.003840256113146086]]}