{"M_G1_M M_G1H1_M": [[-0.26123482976083695, 0.17889267146422916, 0.0158741576510622]], "M_G1_M M_G1H2_M": [[0.09085940916660654, 0.275332014297379, 0.02443176551374298]], "M_G1C3_M M_G1C3H1_M": [[-0.251134088811754, 0.10155907628412267, 0.009011910743100392]], "M_G1C3_M M_G1C3H2_M": [[-0.24031346923974325, 0.13320587052876243, 0.011820109630613742]], "M_G1C4_M M_G1C4H1_M": [[-0.21172699271906806, 0.07983761790922057, 0.007084442994802338]], "M_G1C4_M M_G1C4H2_M": [[-0.20417499527689248, 0.09461130273406052, 0.008395395534540717]], "M_G1C5_M M_G1C5H1_M": [[-0.2405224526596753, 0.06334894560192235, 0.0056213099244513095]], "M_G1C5_M M_G1C5H2_M": [[-0.23590035913071356, 0.06263448187981041, 0.00555791152099554]], "M_G1C6_M M_G1C6H1_M": [[-0.22820109944158312, 0.0576862737595439, 0.005118829052449124]], "M_G1C6_M M_G1C6H2_M": [[-0.2264891352802404, 0.059694554940874486, 0.005297035190348282]], "M_G1C7_M M_G1C7H1_M": [[-0.22730011332268332, 0.05664749848175523, 0.005026652651992493]], "M_G1C7_M M_G1C7H2_M": [[-0.2268590970681545, 0.0546159449118794, 0.0048463814235468064]], "M_G1C8_M M_G1C8H1_M": [[-0.21935426624117865, 0.05530953314008277, 0.004907927426461872]], "M_G1C8_M M_G1C8H2_M": [[-0.2223599169380811, 0.04956865915050936, 0.00439850723602331]], "M_G1C9_M M_G1C9H1_M": [[-0.2181974388360477, 0.05174310797555431, 0.004591458367952895]], "M_G1C9_M M_G1C9H2_M": [[-0.2170945195479665, 0.05109156656983825, 0.004533643417201269]], "M_G1C10_M M_G1C10H1_M": [[-0.20542716701932537, 0.04850369058315384, 0.004304006556966662]], "M_G1C10_M M_G1C10H2_M": [[-0.20479119882560742, 0.048825525092384935, 0.004332564751638758]], "M_G1C11_M M_G1C11H1_M": [[-0.19575649631245834, 0.04561611035032016, 0.004047775245360036]], "M_G1C11_M M_G1C11H2_M": [[-0.1954285404218042, 0.04729174836318063, 0.004196464075173718]], "M_G1C12_M M_G1C12H1_M": [[-0.17748522218471424, 0.04312390744767674, 0.0038266279985153984]], "M_G1C12_M M_G1C12H2_M": [[-0.17853060713453947, 0.04307195821194616, 0.0038220182492669265]], "M_G1C13_M M_G1C13H1_M": [[-0.16229360226708103, 0.04000017889882989, 0.0035494419123685782]], "M_G1C13_M M_G1C13H2_M": [[-0.1623804013491429, 0.04062760865173761, 0.003605117299912979]], "M_G1C14_M M_G1C14H1_M": [[-0.1414225781625119, 0.03565268360462597, 0.0031636640874718016]], "M_G1C14_M M_G1C14H2_M": [[-0.14124181865563218, 0.036540634777503855, 0.0032424570128014875]], "M_G1C15_M M_G1C15H1_M": [[-0.12174927780351433, 0.030547731880752136, 0.0027106728732283554]], "M_G1C15_M M_G1C15H2_M": [[-0.12008091916110751, 0.03228213818232826, 0.002864576545395945]], "M_G1C16_M M_G1C16H1_M": [[-0.09587670587752778, 0.025232361277901075, 0.0022390100027884613]], "M_G1C16_M M_G1C16H2_M": [[-0.09529251767424224, 0.02616340201508733, 0.002321626508655841]], "M_G1C17_M M_G1C17H1_M": [[-0.02977118825331096, 0.010510819305681847, 0.0009326843930193346]], "M_G1C17_M M_G1C17H2_M": [[-0.029402827005527835, 0.010757170471667623, 0.0009545445240933073]], "M_G1C17_M M_G1C17H3_M": [[-0.029797819944850545, 0.01193707206538446, 0.0010592438600588155]], "M_G2_M M_G2H1_M": [[-0.2582884229472824, 0.20524313567931923, 0.018212383245801857]], "M_G2C3_M M_G2C3H1_M": [[-0.15777933001590444, 0.1687093537323689, 0.014970534323380328]], "M_G2C3_M M_G2C3H2_M": [[0.0028074419654447926, 0.20441897756970806, 0.018139251039466703]], "M_G2C4_M M_G2C4H1_M": [[-0.17360026041667784, 0.12892619250223702, 0.011440349615109499]], "M_G2C4_M M_G2C4H2_M": [[-0.1014719193978074, 0.15731317962168473, 0.013959287395424829]], "M_G2C5_M M_G2C5H1_M": [[-0.19537682213447527, 0.0816259226542532, 0.007243129380434781]], "M_G2C5_M M_G2C5H2_M": [[-0.18019347200139546, 0.09655852992125795, 0.008568184006527884]], "M_G2C6_M M_G2C6H1_M": [[-0.19612453699781648, 0.07594629693993642, 0.006739144095570166]], "M_G2C6_M M_G2C6H2_M": [[-0.19161705317033473, 0.08907895441707848, 0.007904479005397588]], "M_G2C7_M M_G2C7H1_M": [[-0.17518168416499305, 0.07027299945621288, 0.006235720350366552]], "M_G2C7_M M_G2C7H2_M": [[-0.1793017912524242, 0.07072809336759302, 0.006276103404832433]], "M_G2C8_M M_G2C8H1_M": [[-0.1729118141985646, 0.061755431278066056, 0.005479908393639139]], "M_G2C8_M M_G2C8H2_M": [[-0.17473724936835916, 0.06566070360735879, 0.005826445275883193]], "M_G2C9_M M_G2C9H1_M": [[-0.12460253285008677, 0.05350459053644895, 0.004747764669616178]], "M_G2C9_M M_G2C9H2_M": [[-0.12382552913499548, 0.05256197993189892, 0.004664121504036965]], "M_G2C10_M M_G2C10H1_M": [[-0.11387674481234586, 0.05099743969631828, 0.0045252910078083745]], "M_G2C11_M M_G2C11H1_M": [[-0.07695919760050521, 0.044976815000649276, 0.003991046956363045]], "M_G2C12_M M_G2C12H1_M": [[-0.08398897569919009, 0.038663057868683216, 0.0034307916073707955]], "M_G2C12_M M_G2C12H2_M": [[-0.08127343627861817, 0.039504187970764514, 0.003505429834505563]], "M_G2C13_M M_G2C13H1_M": [[-0.12823670499894288, 0.03874950735326476, 0.0034384627586587055]], "M_G2C13_M M_G2C13H2_M": [[-0.12980772804916407, 0.03659902740299255, 0.0032476385204344167]], "M_G2C14_M M_G2C14H1_M": [[-0.1276738182678471, 0.03781962102995121, 0.003355948690457776]], "M_G2C14_M M_G2C14H2_M": [[-0.12733256103542054, 0.03614992771041865, 0.0032077873668761945]], "M_G2C15_M M_G2C15H1_M": [[-0.13875826202649763, 0.038282510515049904, 0.003397023490232036]], "M_G2C15_M M_G2C15H2_M": [[-0.13837386850776245, 0.03732757365183982, 0.0033122865460669484]], "M_G2C16_M M_G2C16H1_M": [[-0.1211075414801166, 0.034410639254958714, 0.0030534504736057268]], "M_G2C16_M M_G2C16H2_M": [[-0.12057351705624103, 0.03400480672594014, 0.0030174386599699835]], "M_G2C17_M M_G2C17H1_M": [[-0.11117033131399275, 0.030346500515300447, 0.0026928164770251306]], "M_G2C17_M M_G2C17H2_M": [[-0.11155484415514885, 0.030206266452132514, 0.0026803727161457368]], "M_G2C18_M M_G2C18H1_M": [[-0.08568855842927628, 0.023925437955702695, 0.0021230393110624147]], "M_G2C18_M M_G2C18H2_M": [[-0.08525735345803401, 0.02465445010693546, 0.0021877286788463983]], "M_G2C19_M M_G2C19H1_M": [[-0.033408441052010816, 0.011032904658872897, 0.0009790119766818234]], "M_G2C19_M M_G2C19H2_M": [[-0.03223658903115328, 0.01033583900356095, 0.0009171574020086768]], "M_G2C19_M M_G2C19H3_M": [[-0.03206872571924638, 0.009917996991269521, 0.0008800799190572441]], "M_G3_M M_G3H1_M": [[-0.06394015431717898, 0.24300519766762332, 0.0215632243972315]], "M_G3_M M_G3H2_M": [[-0.11559865595109856, 0.1869333245651173, 0.0165876502379652]], "M_G3C4_M M_G3C4H1_M": [[-0.017633006105362163, 0.34435579239579234, 0.030556635393755024]], "M_G3C4_M M_G3C4H2_M": [[0.1001933842152776, 0.31438554705111205, 0.02789720616421502]], "M_G3C5_M M_G3C5H1_M": [[-0.0723108956595104, 0.3168137303644104, 0.028112672591126108]], "M_G3C5_M M_G3C5H2_M": [[-0.1968864961234342, 0.17383974674289596, 0.01542578308675574]], "M_G3N6C1_M M_G3N6C1H1_M": [[0.02581581205601927, 0.03993938362933987, 0.0035440472045562103]], "M_G3N6C1_M M_G3N6C1H2_M": [[0.023605467067009188, 0.03860231022407036, 0.0034254011255829037]], "M_G3N6C1_M M_G3N6C1H3_M": [[0.02683117141369322, 0.039915277387114034, 0.003541908121460545]], "M_G3N6C2_M M_G3N6C2H1_M": [[0.02926509779280475, 0.04075389149841082, 0.003616323090515286]], "M_G3N6C2_M M_G3N6C2H2_M": [[0.028711895395677894, 0.04090034539326798, 0.0036293187722083705]], "M_G3N6C2_M M_G3N6C2H3_M": [[0.028658706616919112, 0.03917266938100278, 0.0034760123166438107]], "M_G3N6C3_M M_G3N6C3H1_M": [[0.02387593815086346, 0.05428752871749232, 0.004817239198758102]], "M_G3N6C3_M M_G3N6C3H2_M": [[0.02342092045927517, 0.05313563515971634, 0.004715025174093402]], "M_G3N6C3_M M_G3N6C3H3_M": [[0.022367660322909995, 0.05226814196827383, 0.0046380476010633356]]}