{"M_G1_M M_G1H1_M": [[-0.25708025036757215, 0.19708209906096757, 0.017488208349114097]], "M_G1_M M_G1H2_M": [[0.07881820926826333, 0.2538314045621595, 0.02252389491324673]], "M_G1C3_M M_G1C3H1_M": [[-0.26910992160063607, 0.0894776983326115, 0.007939861806301417]], "M_G1C3_M M_G1C3H2_M": [[-0.24704437920272843, 0.1161151733349544, 0.010303555490075215]], "M_G1C4_M M_G1C4H1_M": [[-0.21945082052751347, 0.08433477964566602, 0.007483501568875533]], "M_G1C4_M M_G1C4H2_M": [[-0.20696368345022906, 0.09300700764182922, 0.00825303736522914]], "M_G1C5_M M_G1C5H1_M": [[-0.2447061573650734, 0.06232666175187259, 0.005530596901570047]], "M_G1C5_M M_G1C5H2_M": [[-0.23547867649781234, 0.07350588660990369, 0.00652259269637008]], "M_G1C6_M M_G1C6H1_M": [[-0.23334722672579883, 0.05692554338977162, 0.005051325147896328]], "M_G1C6_M M_G1C6H2_M": [[-0.22488168251304078, 0.06495772333260161, 0.005764065863603502]], "M_G1C7_M M_G1C7H1_M": [[-0.22858670242607798, 0.05864717331606961, 0.0052040951000869385]], "M_G1C7_M M_G1C7H2_M": [[-0.2275137810633484, 0.05763735849469829, 0.005114488524582067]], "M_G1C8_M M_G1C8H1_M": [[-0.2193184713034903, 0.05237516676775734, 0.0046475445163124]], "M_G1C8_M M_G1C8H2_M": [[-0.22058357426512062, 0.054990829448317576, 0.004879647046915592]], "M_G1C9_M M_G1C9H1_M": [[-0.21532038449206825, 0.049039448501397145, 0.004351547384589104]], "M_G1C9_M M_G1C9H2_M": [[-0.21871203199249423, 0.04805227355866689, 0.004263949773452688]], "M_G1C10_M M_G1C10H1_M": [[-0.20281988414679458, 0.044866264883100956, 0.003981237219720723]], "M_G1C10_M M_G1C10H2_M": [[-0.2046674592149639, 0.04478748549845268, 0.003974246679743178]], "M_G1C11_M M_G1C11H1_M": [[-0.1942901023653621, 0.042302750703460776, 0.0037537621202923008]], "M_G1C11_M M_G1C11H2_M": [[-0.1963887380028187, 0.04212062032711024, 0.003737600662790595]], "M_G1C12_M M_G1C12H1_M": [[-0.17707821847691113, 0.039506841626492165, 0.0035056653083739312]], "M_G1C12_M M_G1C12H2_M": [[-0.1783519264099563, 0.040266649508473515, 0.003573087355372113]], "M_G1C13_M M_G1C13H1_M": [[-0.1632928780674124, 0.03698381873227815, 0.003281783229515262]], "M_G1C13_M M_G1C13H2_M": [[-0.1631600164066927, 0.038486116781287036, 0.0034150906248023786]], "M_G1C14_M M_G1C14H1_M": [[-0.14169828479060553, 0.0364494426657353, 0.003234365021402965]], "M_G1C14_M M_G1C14H2_M": [[-0.14257356103299454, 0.03629878898745686, 0.003220996669194179]], "M_G1C15_M M_G1C15H1_M": [[-0.12196830760167102, 0.03142256416993833, 0.002788301685874032]], "M_G1C15_M M_G1C15H2_M": [[-0.12249333950555237, 0.03158200290207039, 0.0028024495855550756]], "M_G1C16_M M_G1C16H1_M": [[-0.09686632776897233, 0.02602449977134141, 0.002309300927639797]], "M_G1C16_M M_G1C16H2_M": [[-0.09497997173499946, 0.026884563443416692, 0.0023856192374326294]], "M_G1C17_M M_G1C17H1_M": [[-0.029980263773259165, 0.01020558713670247, 0.0009055994178166296]], "M_G1C17_M M_G1C17H2_M": [[-0.030905832264594976, 0.010974781572374803, 0.0009738543867666795]], "M_G1C17_M M_G1C17H3_M": [[-0.030311105216879193, 0.011431615018813924, 0.0010143918000083546]], "M_G2_M M_G2H1_M": [[-0.28212355032738023, 0.17915362440709484, 0.01589731348031252]], "M_G2C3_M M_G2C3H1_M": [[-0.1710261827492415, 0.15524097575614676, 0.013775409036532594]], "M_G2C3_M M_G2C3H2_M": [[0.020399862172242066, 0.20561687129897607, 0.01824554691929217]], "M_G2C4_M M_G2C4H1_M": [[-0.1848462502792706, 0.1258860084082851, 0.011170576900550342]], "M_G2C4_M M_G2C4H2_M": [[-0.095220805794523, 0.15966178588516483, 0.014167692501020282]], "M_G2C5_M M_G2C5H1_M": [[-0.2025505312508431, 0.08770745364885202, 0.007782777991962093]], "M_G2C5_M M_G2C5H2_M": [[-0.1735081793989569, 0.09711043547538654, 0.008617157705131776]], "M_G2C6_M M_G2C6H1_M": [[-0.19877045499228613, 0.08065190109115805, 0.007156698943002367]], "M_G2C6_M M_G2C6H2_M": [[-0.18544041775707226, 0.08814058256749564, 0.00782121196849957]], "M_G2C7_M M_G2C7H1_M": [[-0.17812961501838248, 0.07158558835776258, 0.006352193780964299]], "M_G2C7_M M_G2C7H2_M": [[-0.17265547325575137, 0.06942416230238885, 0.006160398232978552]], "M_G2C8_M M_G2C8H1_M": [[-0.1710136728842682, 0.06376893321299107, 0.005658577798506904]], "M_G2C8_M M_G2C8H2_M": [[-0.16818735758379091, 0.06018145926487428, 0.005340240962484689]], "M_G2C9_M M_G2C9H1_M": [[-0.1216106594824676, 0.06057609287070923, 0.005375259032381888]], "M_G2C9_M M_G2C9H2_M": [[-0.11898589073108573, 0.055512053976983874, 0.004925898244753531]], "M_G2C10_M M_G2C10H1_M": [[-0.1116470336243684, 0.054386978709097, 0.004826063958499281]], "M_G2C11_M M_G2C11H1_M": [[-0.07731814058410533, 0.04382569044385714, 0.003888901169501221]], "M_G2C12_M M_G2C12H1_M": [[-0.08020221815702411, 0.03832796399995414, 0.0034010568348025777]], "M_G2C12_M M_G2C12H2_M": [[-0.08257867322092398, 0.041212616115643676, 0.0036570283180283854]], "M_G2C13_M M_G2C13H1_M": [[-0.12775722378864135, 0.03703511390323074, 0.003286334939899902]], "M_G2C13_M M_G2C13H2_M": [[-0.1256842819783659, 0.03755017032024521, 0.003332038806335335]], "M_G2C14_M M_G2C14H1_M": [[-0.1263591901652838, 0.035861857088349866, 0.003182225232709766]], "M_G2C14_M M_G2C14H2_M": [[-0.12462203886104392, 0.037211435766641564, 0.003301980975224899]], "M_G2C15_M M_G2C15H1_M": [[-0.13606416809492589, 0.03768166525115258, 0.0033437070946249225]], "M_G2C15_M M_G2C15H2_M": [[-0.1361704213604214, 0.03715893772402763, 0.003297322527240391]], "M_G2C16_M M_G2C16H1_M": [[-0.11847445597202837, 0.03302661450436346, 0.002930638136442356]], "M_G2C16_M M_G2C16H2_M": [[-0.1180314508489127, 0.03262052981935315, 0.0028946039475805465]], "M_G2C17_M M_G2C17H1_M": [[-0.10894602756205699, 0.02952137871076362, 0.002619598756593438]], "M_G2C17_M M_G2C17H2_M": [[-0.11009003508105734, 0.028783863534919962, 0.002554154867385634]], "M_G2C18_M M_G2C18H1_M": [[-0.0844909279096737, 0.02302148416719295, 0.0020428263832178665]], "M_G2C18_M M_G2C18H2_M": [[-0.08436463238606355, 0.022243946423477583, 0.001973831065397612]], "M_G2C19_M M_G2C19H1_M": [[-0.0319599250787999, 0.010071700061868593, 0.0008937188610785772]], "M_G2C19_M M_G2C19H2_M": [[-0.032615084483543125, 0.0091699950926193, 0.0008137054836749555]], "M_G2C19_M M_G2C19H3_M": [[-0.03167817398097304, 0.009842093219377988, 0.0008733445484495253]], "M_G3_M M_G3H1_M": [[-0.08108495682394175, 0.2222974840761737, 0.019725711952181764]], "M_G3_M M_G3H2_M": [[-0.10569293542037847, 0.21404034296018648, 0.018993009160337894]], "M_G3C4_M M_G3C4H1_M": [[-0.00044937705651120277, 0.35027250752757616, 0.031081658962409945]], "M_G3C4_M M_G3C4H2_M": [[0.06661990944407432, 0.31241792578896194, 0.027722608010711577]], "M_G3C5_M M_G3C5H1_M": [[-0.162693858501387, 0.26751399413959864, 0.023738028405967698]], "M_G3C5_M M_G3C5H2_M": [[-0.19887821989347168, 0.2179152143108855, 0.019336848391957175]], "M_G3N6C1_M M_G3N6C1H1_M": [[0.034920311493086095, 0.040942659005054886, 0.0036330734980939724]], "M_G3N6C1_M M_G3N6C1H2_M": [[0.03524696497779035, 0.03959022755305451, 0.0035130646128468104]], "M_G3N6C1_M M_G3N6C1H3_M": [[0.0345258059198696, 0.04114961548857782, 0.0036514379163759664]], "M_G3N6C2_M M_G3N6C2H1_M": [[0.028750098944255738, 0.04895734502512027, 0.004344261879177107]], "M_G3N6C2_M M_G3N6C2H2_M": [[0.0281230488583225, 0.0480025195677532, 0.004259534820682018]], "M_G3N6C2_M M_G3N6C2H3_M": [[0.028693143007019334, 0.04877640913753209, 0.004328206415413272]], "M_G3N6C3_M M_G3N6C3H1_M": [[0.03657567119381239, 0.037260465361165875, 0.003306331648210417]], "M_G3N6C3_M M_G3N6C3H2_M": [[0.036328208640696545, 0.03883951468585908, 0.0034464496179059806]], "M_G3N6C3_M M_G3N6C3H3_M": [[0.03584703531957148, 0.03563791968348499, 0.0031623540013189055]]}