{"M_G1_M M_G1H1_M": [[-0.22114295202866674, 0.21304566810034356, 0.018904746039174476]], "M_G1_M M_G1H2_M": [[0.02241174245971304, 0.23659506050765583, 0.02099441670371677]], "M_G1C3_M M_G1C3H1_M": [[-0.24241673550265025, 0.12350554379750328, 0.010959344823769148]], "M_G1C3_M M_G1C3H2_M": [[-0.26734400479556786, 0.11328251486410239, 0.010052197696768893]], "M_G1C4_M M_G1C4H1_M": [[-0.20244092643378353, 0.12387068011055098, 0.010991745432189856]], "M_G1C4_M M_G1C4H2_M": [[-0.20137263071736755, 0.09026243455363657, 0.008009495885691538]], "M_G1C5_M M_G1C5H1_M": [[-0.21541230297375236, 0.09704455108271598, 0.00861131141066126]], "M_G1C5_M M_G1C5H2_M": [[-0.2163614040081418, 0.06853531282766172, 0.0060815255962495315]], "M_G1C6_M M_G1C6H1_M": [[-0.2009856851703673, 0.07200962057893676, 0.006389820556130407]], "M_G1C6_M M_G1C6H2_M": [[-0.2010811937426704, 0.062153197922871106, 0.0055152044757887765]], "M_G1C7_M M_G1C7H1_M": [[-0.19058748842632492, 0.06727171207028901, 0.005969399160513751]], "M_G1C7_M M_G1C7H2_M": [[-0.19460570035216868, 0.06608661168693852, 0.005864238506565992]], "M_G1C8_M M_G1C8H1_M": [[-0.1845402457550247, 0.05679202298986295, 0.005039477128296448]], "M_G1C8_M M_G1C8H2_M": [[-0.1872252680470008, 0.05781944055182181, 0.005130645694445711]], "M_G1C9_M M_G1C9H1_M": [[-0.17982312257826738, 0.05458770852086253, 0.004843875849009683]], "M_G1C9_M M_G1C9H2_M": [[-0.18192458416255014, 0.056768188096492464, 0.005037362123518093]], "M_G1C10_M M_G1C10H1_M": [[-0.1674843657717418, 0.04933644300643474, 0.004377901385319697]], "M_G1C10_M M_G1C10H2_M": [[-0.1682436333559238, 0.049946831957013375, 0.00443206464617686]], "M_G1C11_M M_G1C11H1_M": [[-0.15777064151245676, 0.04632549841892571, 0.0041107232573979625]], "M_G1C11_M M_G1C11H2_M": [[-0.1575231371707212, 0.048566189978327054, 0.004309552481480815]], "M_G1C12_M M_G1C12H1_M": [[-0.14134970542915898, 0.03966959243176869, 0.003520107107021415]], "M_G1C12_M M_G1C12H2_M": [[-0.14182194175374754, 0.04089504122207955, 0.0036288481031252597]], "M_G1C13_M M_G1C13H1_M": [[-0.12885097111268298, 0.036937297003623505, 0.0032776550936401633]], "M_G1C13_M M_G1C13H2_M": [[-0.12934880071886645, 0.03789014932957988, 0.003362207065035131]], "M_G1C14_M M_G1C14H1_M": [[-0.11067174275550554, 0.031296306300759066, 0.0027770981116659096]], "M_G1C14_M M_G1C14H2_M": [[-0.11191179029500495, 0.03130761459979203, 0.0027781015609416424]], "M_G1C15_M M_G1C15H1_M": [[-0.09660968566244824, 0.02608686085781085, 0.0023148345792410887]], "M_G1C15_M M_G1C15H2_M": [[-0.09653138897857902, 0.027718017665254755, 0.002459576340337464]], "M_G1C16_M M_G1C16H1_M": [[-0.07642776632383674, 0.020659132059317277, 0.001833201531172231]], "M_G1C16_M M_G1C16H2_M": [[-0.07516962075196193, 0.02112349088205641, 0.0018744067135784684]], "M_G1C17_M M_G1C17H1_M": [[-0.02476729890527543, 0.009415148614918961, 0.0008354593410568449]], "M_G1C17_M M_G1C17H2_M": [[-0.02494151513517679, 0.010610382220007411, 0.0009415191730316573]], "M_G1C17_M M_G1C17H3_M": [[-0.024696433753522838, 0.011248865465085975, 0.000998175399399016]], "M_G2_M M_G2H1_M": [[-0.22980775000776482, 0.2176841020455694, 0.01931634049465376]], "M_G2C3_M M_G2C3H1_M": [[-0.15304566362847433, 0.17686670294636628, 0.015694382015842428]], "M_G2C3_M M_G2C3H2_M": [[0.04281677876294282, 0.23626665181790543, 0.02096527514485689]], "M_G2C4_M M_G2C4H1_M": [[-0.17235240830138968, 0.12718090329660434, 0.011285480241366315]], "M_G2C4_M M_G2C4H2_M": [[-0.07270445237615497, 0.1859838064807673, 0.016503394132669567]], "M_G2C5_M M_G2C5H1_M": [[-0.1821536661314349, 0.0799973448720408, 0.007098616470821118]], "M_G2C5_M M_G2C5H2_M": [[-0.15538442033099747, 0.10576650115981996, 0.009385259328233319]], "M_G2C6_M M_G2C6H1_M": [[-0.18200196778761904, 0.07321099782400034, 0.006496425547997565]], "M_G2C6_M M_G2C6H2_M": [[-0.1708348195057492, 0.09186815129391696, 0.008151980205868159]], "M_G2C7_M M_G2C7H1_M": [[-0.1578327610252951, 0.06552431704311847, 0.005814342925325638]], "M_G2C7_M M_G2C7H2_M": [[-0.15693086250713673, 0.06728968673769098, 0.005970994154326123]], "M_G2C8_M M_G2C8H1_M": [[-0.1551870510840946, 0.06317259193634756, 0.0056056610671405905]], "M_G2C8_M M_G2C8H2_M": [[-0.15731323357933824, 0.057180933262352025, 0.005073987334483645]], "M_G2C9_M M_G2C9H1_M": [[-0.10995487688653982, 0.05207764816937336, 0.0046211440098175615]], "M_G2C9_M M_G2C9H2_M": [[-0.10332695462520895, 0.047772197524411794, 0.004239097044239916]], "M_G2C10_M M_G2C10H1_M": [[-0.09707961996053584, 0.05128001568986635, 0.004550365572536336]], "M_G2C11_M M_G2C11H1_M": [[-0.05576320808953902, 0.05331975621321272, 0.004731363275627459]], "M_G2C12_M M_G2C12H1_M": [[-0.06609694586659305, 0.04265183491809052, 0.0037847383353109124]], "M_G2C12_M M_G2C12H2_M": [[-0.06748689315216902, 0.03990515102130752, 0.003541009551799031]], "M_G2C13_M M_G2C13H1_M": [[-0.10594850582266216, 0.039814296471908206, 0.0035329475142170763]], "M_G2C13_M M_G2C13H2_M": [[-0.10619466832579083, 0.041914627689221336, 0.003719321771978344]], "M_G2C14_M M_G2C14H1_M": [[-0.10518338857108445, 0.03859594638861375, 0.0034248364265011765]], "M_G2C14_M M_G2C14H2_M": [[-0.10460368712203241, 0.040207674047488665, 0.003567854129452041]], "M_G2C15_M M_G2C15H1_M": [[-0.11451224770894822, 0.04022450488825104, 0.0035693476250629854]], "M_G2C15_M M_G2C15H2_M": [[-0.1143113483750039, 0.04051758401563345, 0.0035953541922086624]], "M_G2C16_M M_G2C16H1_M": [[-0.09954341369790436, 0.034324398012711, 0.0030457978008368624]], "M_G2C16_M M_G2C16H2_M": [[-0.0996165027918979, 0.03527999686926659, 0.0031305934874123827]], "M_G2C17_M M_G2C17H1_M": [[-0.09264453972662766, 0.030155025840492802, 0.0026758258471172407]], "M_G2C17_M M_G2C17H2_M": [[-0.092351333432794, 0.030332326627187257, 0.002691558747837033]], "M_G2C18_M M_G2C18H1_M": [[-0.07258271001063112, 0.023001891741597485, 0.002041087836579128]], "M_G2C18_M M_G2C18H2_M": [[-0.07194649493518267, 0.023594585570841292, 0.0020936809093261535]], "M_G2C19_M M_G2C19H1_M": [[-0.025955376239506375, 0.010167819593087131, 0.0009022480902494568]], "M_G2C19_M M_G2C19H2_M": [[-0.027380299073685492, 0.009369049076102693, 0.0008313686684718752]], "M_G2C19_M M_G2C19H3_M": [[-0.028122679779549183, 0.01026844222639517, 0.0009111769051155048]], "M_G3_M M_G3H1_M": [[-0.09657303328338096, 0.20933472618087956, 0.018575453192344327]], "M_G3_M M_G3H2_M": [[-0.1510397568086573, 0.20096249051987589, 0.017832537411128592]], "M_G3C4_M M_G3C4H1_M": [[-0.04591102965925668, 0.31922916705714094, 0.028327007938363805]], "M_G3C4_M M_G3C4H2_M": [[0.08186837084015086, 0.3083929643735225, 0.027365450439497688]], "M_G3C5_M M_G3C5H1_M": [[-0.061183236129126316, 0.28867051508339264, 0.025615366063575094]], "M_G3C5_M M_G3C5H2_M": [[-0.16870967897991335, 0.19461565591796345, 0.01726934691130915]], "M_G3N6C1_M M_G3N6C1H1_M": [[0.015053180109438026, 0.04121467186767485, 0.003657210736523046]], "M_G3N6C1_M M_G3N6C1H2_M": [[0.015195415381070278, 0.040240712483830626, 0.0035707858166069383]], "M_G3N6C1_M M_G3N6C1H3_M": [[0.01553629180359975, 0.04027342239679167, 0.00357368835202578]], "M_G3N6C2_M M_G3N6C2H1_M": [[0.018124601574396177, 0.03901227240579421, 0.003461779386639613]], "M_G3N6C2_M M_G3N6C2H2_M": [[0.018189513729621687, 0.039934852815593974, 0.0035436451598491736]], "M_G3N6C2_M M_G3N6C2H3_M": [[0.017350820054937835, 0.039355838848745724, 0.003492265978596609]], "M_G3N6C3_M M_G3N6C3H1_M": [[0.016914619220538232, 0.03582050146638597, 0.003178555514674704]], "M_G3N6C3_M M_G3N6C3H2_M": [[0.01751072232302172, 0.03890592652617753, 0.0034523427157868688]], "M_G3N6C3_M M_G3N6C3H3_M": [[0.015172113988754359, 0.03738099040735612, 0.003317026516638876]]}