concentration (mM),order_parameter,err_order_parameter
0.0,0.0,0.0
450.0,-0.007661666188187567,0.00467814290527633
1000.0,-0.010940153968686193,0.004989295657910289
