concentration (mM),order_parameter,err_order_parameter
0.0,0.0,0.0
450.0,-0.006345670508398727,0.004243870176365294
1000.0,-0.004489924708983908,0.005645220635258814
