concentration (mM),order_parameter,err_order_parameter
0.0,0.0,0.0
450.0,-0.013577123294349815,0.00521951501289323
1000.0,-0.016811916941759198,0.005410812252717205
