concentration (mM),order_parameter,err_order_parameter
0.0,0.0,0.0
450.0,-0.006041561325242083,0.0037847163261499664
1000.0,-0.009005041960634036,0.004091325410581199
