concentration (mM),order_parameter,err_order_parameter
0.0,0.0,0.0
450.0,-0.012474143859819722,0.005927151764934145
1000.0,-0.014188725100144746,0.005642054181221268
