concentration (mM),order_parameter,err_order_parameter
0.0,0.0,0.0
450.0,-0.0083047383350307,0.004600488648727052
1000.0,-0.01045555567939057,0.004343605713021647
