concentration (mM),order_parameter,err_order_parameter
0.0,0.0,0.0
450.0,-0.008270843208090059,0.004021573037840852
1000.0,-0.01337051609692597,0.0040885901446719415
