concentration (mM),order_parameter,err_order_parameter
0.0,0.0,0.0
450.0,-0.004425848779275718,0.005067460767583534
1000.0,0.0017710701614040113,0.006878594068306038
