concentration (mM),order_parameter,err_order_parameter
0.0,0.0,0.0
350.0,-0.0018875,-0.0018875
690.0,-0.0160991,-0.0160991
950.0,-0.0091715,-0.0091715
