concentration (mM),order_parameter,err_order_parameter
0.0,0.0,0.0
350.0,0.018506603063429355,0.013107429700065388
790.0,0.0035787819529656956,0.01386759728040805
