concentration (mM),order_parameter,err_order_parameter
0.0,0.0,0.00825496
350.0,-0.0045528,0.0053243
690.0,-0.0050075,0.00637052
950.0,-0.0081871,0.00608866
