concentration (mM),order_parameter,err_order_parameter
0.0,0.0,0.008341
350.0,-0.0067828,0.00433619
690.0,-0.0213303,0.00516499
950.0,-0.0175192,0.00517758
