concentration (mM),order_parameter,err_order_parameter
0.0,0.0,0.0
350.0,0.018506603063429355,0.013107429700065388
1000.0,0.023928129497884705,0.012965463214056741
