concentration (mM),order_parameter,err_order_parameter
0.0,0.0,0.0
350.0,-0.058865599090672446,0.01900583590278263
1000.0,-0.06429829091768643,0.01882126734082906
