concentration (mM),order_parameter,err_order_parameter
0.0,0.0,0.0
350.0,-0.0057256752346645234,0.020320962365046723
790.0,-0.03837877622970878,0.02242514546662416
