concentration (mM),order_parameter,err_order_parameter
0.0,0.0,0.001987403487408673
978.0,-0.00604018810734102,0.0015940363640903447
