concentration (mM),order_parameter,err_order_parameter
0.0,0.0,0.0
350.0,-0.0057256752346645234,0.020320962365046723
1000.0,-0.030760433024281122,0.019332834556976375
