concentration (mM),order_parameter,err_order_parameter
0.0,0.0,0.00790266
350.0,-0.0020203,0.00548822
690.0,-0.0102151,0.00588786
950.0,-0.0036983,0.00446238
