concentration (mM),order_parameter,err_order_parameter
0.0,0.0,0.0020537207658624943
978.0,-0.00588459737484405,0.0016789708235913576
