concentration (mM),order_parameter,err_order_parameter
0.0,0.0,0.0024517180348797665
978.0,-0.010686095734940079,0.001999268902891573
