concentration (mM),order_parameter,err_order_parameter
0.0,0.0,0.0
350.0,-0.008571326373025628,0.013876683273908778
1000.0,-0.016556838210955258,0.013402748544967593
