concentration (mM),order_parameter,err_order_parameter
0.0,0.0,0.0
350.0,-0.008571326373025628,0.013876683273908778
790.0,-0.027147770369392213,0.014126641981319429
