concentration (mM),order_parameter,err_order_parameter
0.0,0.0,0.0
350.0,-0.058865599090672446,0.01900583590278263
790.0,-0.0845137222170917,0.020612443212493257
