concentration (mM),order_parameter,err_order_parameter
0.0,0.0,0.0024909661053924394
978.0,-0.012304307917466978,0.001966722641723791
