{"M_G1_M M_G1H1_M": [[-0.26040070267559196, 0.15038947759638419, 0.013344908189284032]], "M_G1_M M_G1H2_M": [[0.04910798149648406, 0.22624317496006022, 0.020075835401177817]], "M_G1C3_M M_G1C3H1_M": [[-0.24944381664264798, 0.0840181743042418, 0.007455407387812663]], "M_G1C3_M M_G1C3H2_M": [[-0.26107555499177193, 0.12097778732043621, 0.010735042707354727]], "M_G1C4_M M_G1C4H1_M": [[-0.194384412110504, 0.10262934117184463, 0.00910688139459235]], "M_G1C4_M M_G1C4H2_M": [[-0.2067764079171054, 0.08866148319061852, 0.007867434424368271]], "M_G1C5_M M_G1C5H1_M": [[-0.22415864457567386, 0.06834203301327788, 0.006064374786106307]], "M_G1C5_M M_G1C5H2_M": [[-0.22213427476400652, 0.06578441119968871, 0.005837422549615008]], "M_G1C6_M M_G1C6H1_M": [[-0.2115019005425538, 0.052100844776250606, 0.004623202375828451]], "M_G1C6_M M_G1C6H2_M": [[-0.21126668685671585, 0.050357321033064506, 0.0044684896615446775]], "M_G1C7_M M_G1C7H1_M": [[-0.20734483650752364, 0.04825468998245539, 0.004281911326578833]], "M_G1C7_M M_G1C7H2_M": [[-0.2083468790195137, 0.047072247536059944, 0.004176986526396941]], "M_G1C8_M M_G1C8H1_M": [[-0.2017615588646564, 0.04137046781955344, 0.0036710353917270605]], "M_G1C8_M M_G1C8H2_M": [[-0.20204852447990962, 0.03951538256493935, 0.003506423194106694]], "M_G1C9_M M_G1C9H1_M": [[-0.19881609215289409, 0.038674510950831825, 0.0034318079040705396]], "M_G1C9_M M_G1C9H2_M": [[-0.1979027025080915, 0.03906604764487253, 0.003466551167483768]], "M_G1C10_M M_G1C10H1_M": [[-0.1844856164303687, 0.035615039965458235, 0.0031603237546464413]], "M_G1C10_M M_G1C10H2_M": [[-0.1849936033994501, 0.0341366123816025, 0.003029134520622969]], "M_G1C11_M M_G1C11H1_M": [[-0.17406266172826745, 0.0330846680754139, 0.002935789557859002]], "M_G1C11_M M_G1C11H2_M": [[-0.17425657496724098, 0.03137019227259483, 0.002783654431472209]], "M_G1C12_M M_G1C12H1_M": [[-0.15675648043541085, 0.02879348004674999, 0.0025550081948226594]], "M_G1C12_M M_G1C12H2_M": [[-0.15798233961994385, 0.02885359801088097, 0.0025603428015031062]], "M_G1C13_M M_G1C13H1_M": [[-0.1423888784932933, 0.026402052348748553, 0.0023428033013607025]], "M_G1C13_M M_G1C13H2_M": [[-0.14277841479038444, 0.025493275716616862, 0.0022621624153479716]], "M_G1C14_M M_G1C14H1_M": [[-0.12366703814334312, 0.024196418253013764, 0.0021470849241366635]], "M_G1C14_M M_G1C14H2_M": [[-0.12397946756581764, 0.023939377467913952, 0.0021242762427522892]], "M_G1C15_M M_G1C15H1_M": [[-0.10655584441405949, 0.020943157215308126, 0.0018584046882728718]], "M_G1C15_M M_G1C15H2_M": [[-0.1074350192262391, 0.020253180642410478, 0.0017971791679423368]], "M_G1C16_M M_G1C16H1_M": [[-0.08456392021818808, 0.018278190138804908, 0.0016219271000013956]], "M_G1C16_M M_G1C16H2_M": [[-0.0845731662986447, 0.017218061809571097, 0.0015278559226251905]], "M_G1C17_M M_G1C17H1_M": [[-0.027272873263711205, 0.008375478501256129, 0.0007432035367564343]], "M_G1C17_M M_G1C17H2_M": [[-0.026441493740962652, 0.01012329701470198, 0.0008982973502748515]], "M_G1C17_M M_G1C17H3_M": [[-0.02707352026438288, 0.009511589831682531, 0.0008440171152039612]], "M_G2_M M_G2H1_M": [[-0.26490714858869924, 0.1443500671943628, 0.012808997175957126]], "M_G2C3_M M_G2C3H1_M": [[-0.1492665712613218, 0.16010234138124504, 0.014206785479740865]], "M_G2C3_M M_G2C3H2_M": [[0.07940683479907065, 0.17663019941372357, 0.015673395720923387]], "M_G2C4_M M_G2C4H1_M": [[-0.16585898060151774, 0.1360849467695941, 0.012075586334954468]], "M_G2C4_M M_G2C4H2_M": [[-0.058387094980571576, 0.16934535672248566, 0.01502697046270915]], "M_G2C5_M M_G2C5H1_M": [[-0.18856854735081083, 0.08077213007437622, 0.00716736754009028]], "M_G2C5_M M_G2C5H2_M": [[-0.15074071474037204, 0.11239728851448394, 0.009973646560404833]], "M_G2C6_M M_G2C6H1_M": [[-0.18574692700944145, 0.07473228649429602, 0.00663141808842635]], "M_G2C6_M M_G2C6H2_M": [[-0.1682019115215414, 0.09547522035473578, 0.008472055826971265]], "M_G2C7_M M_G2C7H1_M": [[-0.1636679422221487, 0.06733133228336166, 0.00597468959893003]], "M_G2C7_M M_G2C7H2_M": [[-0.15967680616753738, 0.07246214499995023, 0.006429975605196014]], "M_G2C8_M M_G2C8H1_M": [[-0.16198705075353179, 0.06015984856936681, 0.005338323323351532]], "M_G2C8_M M_G2C8H2_M": [[-0.16004815890589413, 0.06304512549702898, 0.0055943502496744475]], "M_G2C9_M M_G2C9H1_M": [[-0.11636204017730747, 0.048967531572149926, 0.004345165789058631]], "M_G2C9_M M_G2C9H2_M": [[-0.110330802467404, 0.05959913451681157, 0.005288567996905934]], "M_G2C10_M M_G2C10H1_M": [[-0.1046838434367664, 0.05222918912431745, 0.004634591095098839]], "M_G2C11_M M_G2C11H1_M": [[-0.06489221443181227, 0.04169172579838566, 0.0036995424275989243]], "M_G2C12_M M_G2C12H1_M": [[-0.06721978337300161, 0.034138109653941984, 0.0030292673820586495]], "M_G2C12_M M_G2C12H2_M": [[-0.07148725059338173, 0.03313328826364521, 0.0029401039019106103]], "M_G2C13_M M_G2C13H1_M": [[-0.1105813311021654, 0.031794473759407665, 0.0028213033253870214]], "M_G2C13_M M_G2C13H2_M": [[-0.10987781449679537, 0.03361961251686394, 0.0029832582010886678]], "M_G2C14_M M_G2C14H1_M": [[-0.10877980663957423, 0.03029237804932546, 0.0026880138847762748]], "M_G2C14_M M_G2C14H2_M": [[-0.10806016980712121, 0.03133472911237418, 0.0027805075848655833]], "M_G2C15_M M_G2C15H1_M": [[-0.11820515433400836, 0.03020516891473475, 0.0026802753254503136]], "M_G2C15_M M_G2C15H2_M": [[-0.11844205995413654, 0.032597330931746604, 0.0028925453791876585]], "M_G2C16_M M_G2C16H1_M": [[-0.10359112731480244, 0.026855078156371538, 0.0023830028412934775]], "M_G2C16_M M_G2C16H2_M": [[-0.10264969140152169, 0.02744676696956438, 0.0024355067332870136]], "M_G2C17_M M_G2C17H1_M": [[-0.09668822842042304, 0.02334542263069451, 0.002071571273641703]], "M_G2C17_M M_G2C17H2_M": [[-0.09623350303711968, 0.023942971964590668, 0.002124595202754705]], "M_G2C18_M M_G2C18H1_M": [[-0.07525011230293255, 0.019341859932873896, 0.001716312531565037]], "M_G2C18_M M_G2C18H2_M": [[-0.07548032511934008, 0.018889705213084192, 0.0016761902881781757]], "M_G2C19_M M_G2C19H1_M": [[-0.029012349423085698, 0.008087410421185368, 0.0007176416281558551]], "M_G2C19_M M_G2C19H2_M": [[-0.02811311543605209, 0.008391326898679252, 0.0007446098546181564]], "M_G2C19_M M_G2C19H3_M": [[-0.028256456111704943, 0.007926215568684208, 0.0007033378979907276]], "M_G3_M M_G3H1_M": [[-0.10037854961621052, 0.2203720478971553, 0.019554857119490038]], "M_G3_M M_G3H2_M": [[-0.18775344127749277, 0.14607039137232258, 0.01296165126171898]], "M_G3C4_M M_G3C4H1_M": [[-0.07707449597518673, 0.2743766167183861, 0.024346987687663003]], "M_G3C4_M M_G3C4H2_M": [[0.129528134142583, 0.27494627153571755, 0.024397536378690934]], "M_G3C5_M M_G3C5H1_M": [[-0.052596974091038376, 0.2842740059425564, 0.025225238963092245]], "M_G3C5_M M_G3C5H2_M": [[-0.18156180930889249, 0.15285168826282622, 0.013563394055526146]], "M_G3N6C1_M M_G3N6C1H1_M": [[0.016838853888285196, 0.03571861268280705, 0.00316951434714018]], "M_G3N6C1_M M_G3N6C1H2_M": [[0.017852974465733376, 0.03796060490259701, 0.0033684589861692703]], "M_G3N6C1_M M_G3N6C1H3_M": [[0.01780980591183075, 0.03584762914966649, 0.003180962707309139]], "M_G3N6C2_M M_G3N6C2H1_M": [[0.014947231185711028, 0.036942397052594694, 0.003278107649805456]], "M_G3N6C2_M M_G3N6C2H2_M": [[0.015910967859454506, 0.037040530986434866, 0.003286815628304225]], "M_G3N6C2_M M_G3N6C2H3_M": [[0.015529210841738996, 0.03738320787221538, 0.0033172232848266026]], "M_G3N6C3_M M_G3N6C3H1_M": [[0.01476798749187176, 0.04225056206626384, 0.003749131127598875]], "M_G3N6C3_M M_G3N6C3H2_M": [[0.012862979773054924, 0.04055471128098221, 0.003598648704267067]], "M_G3N6C3_M M_G3N6C3H3_M": [[0.012896534922080188, 0.04110008339124621, 0.0036470426534767433]]}